review,author,date,star_rating
"agak kecewa sama bahan ya ternyata cringkel salah saya sendiri si nggak baca kebawah Celana kargo serbaguna untuk berbagai acara., Kain nyaman dan bernapas., Celana kargo yang trendi dan fungsional., Celana kargo yang stylish dan modis.,",A***a,20 Des 2023,5
"Bahan: adem tp ga begitu tipis
 Ukuran: jumbo
 Rancangan: 
bahanya adem banget enak buat sehari hari aja sih, udh pesen size jumbo tp di paha ngepas dan cuman rada kepanjangan aja sih cuma oke harganya murah jadi buat sehari hari aja .. dan sampenya  cepet banget",Monica,18 Des 2023,5
"baguuussss, di aku tinggi 165 pas ga cingkrang,, trs ya sesuai harga lah,, warnanya beda sama difoto,, bjku 50 kebesaran bagian pinggang",oooo,2 hari lalu,5
"Bahan:bagus
 Ukuran:kebesaran 
 Rancangan:ok

bagus celananya sesuai yang dipesan, tapi pinggangnya kegedean dikit sm kepanjangan TB/bb ku 151/41. Tapi gpp bisa dikecilin. Trs warna putihnya nerawang harus pake legging lgi",R***a,3 minggu lalu,5
"Bahan:bagus
 Ukuran:pinggangnya kebesaran dikit


Bagus celananya, sesuai yg dipesan. Tapi sayang agak kegedean doang sih, tb/bb ku 151/41. Tapi gpp ntar bisa dikecilin",R***a,3 minggu lalu,5
skstkalxhldhldyr5is5isiyhxbzgkzfjstjdupfp gkzfjTidyfilv nvjlxti ,*********541,17 Des 2023,5
pengiriman cepat kurir ramah...bahanya gak sesuai ekspektasi ku tp gpp lah harga segitu kan ya...makasih ,Ayuk I.,14 Des 2023,4
"Alhamdulillah barang sudah sampai dengan aman terimakasih seller Lazada dan Abang kurirnya

 Bahan:lembut dan halus sedikit terawang 
 Ukuran:pas untuk anak ku karena ada karet 
 Rancangan:sesuai keinginan
proses pengiriman cepat.Sekalilagi terimakasih untuk semuanya  ",Novia R.,05 Nov 2023,5
"Celana kargo serbaguna untuk berbagai acara., Mudah dipadukan dengan berbagai outfit., Kain nyaman dan bernapas.,  ",N***.,3 minggu lalu,4
"Bagus untuk aktivitas di luar ruangan., Desain highwaist sedang trendi., Pas sempurna dengan desain high waist., Kain nyaman dan bernapas.,  ",Viraa,02 Des 2023,5
ukuran dan warna sesuai permintaan. tokonya amanah. katinganya bagus pas di badan. cuma jahitannya kendur2. di pakai sekali bolong2 lepas benang. ,mamah R.,2 hari lalu,5
"bagussss banget dong rekomen dehh pokoknya buat  kalian""âœŒï¸ğŸ˜Š ",c***.,5 hari lalu,5
"Celana kargo yang stylish dan modis., Bahan yang tahan lama untuk penggunaan jangka panjang., Pas sempurna dengan desain high waist., Bagus untuk aktivitas di luar ruangan., Celana kargo serbaguna untuk berbagai acara., Mudah dipadukan dengan berbagai outfit., Celana kargo serbaguna untuk berbagai acara.,  ",Amira S.,15 Jan 2024,5
"Pas sempurna dengan desain high waist., Kain nyaman dan bernapas.,  ",guest,05 Des 2023,5
"Beragam pilihan warna yang dapat dipilih., Celana kargo yang trendi dan fungsional., Bahan yang tahan lama untuk penggunaan jangka panjang., Mudah dipadukan dengan berbagai outfit.,  ",Khofifah I.,1 hari lalu,5
"Bahan:bagus
 Ukuran:pas
 Rancangan:sangat bagus  ",Elga P.,5 hari lalu,5
bahannya bagus trm ksh,Third-Party-User,07 Des 2023,5
"Bagus untuk aktivitas di luar ruangan., Bahan yang tahan lama untuk penggunaan jangka panjang.,  ",A***.,02 Des 2023,5
"Mudah dipadukan dengan berbagai outfit., Celana kargo yang trendi dan fungsional.,  ",guest,05 Des 2023,5
"barang sudah sampai.. 
paket sesuai pesanan.. 
bhan nya adem. lembut dan jatuh.
kurir nya baik.. 
thanks seller.",vika A.,01 Des 2023,5
"celananya udah sampe agak kepanjangan di aku,bagian paha agak ngetat tapi bawahnya longgar ",8***4,02 Jan 2024,5
"Mudah dipadukan dengan berbagai outfit., Celana kargo yang stylish dan modis.,  ",d***.,2 minggu lalu,5
bagus sesuailah Sama harganya sukses trs buat tokonya amanah juga ,Lidia,1 minggu lalu,5
Ukuran:bagus sesuai n muat d BB 60kg bahannya jga adem n lentur bagus bngt ,0***6,07 Des 2023,5
"celananya bagus dri yg sblum nya,ini ada kancing+sleting,mantappp thanks ka next ambil wrna lain lgi ",Dhirfin,2 minggu lalu,5
alhamdulillah sesuai pesanan sukses terus buat tokonya trimaksih ,Reni A.,09 Des 2023,5
"Bahan:tebell nggk nerawang 
 Ukuran:agak kegedean
 ",8***7,09 Nov 2023,5
"bgus banget huhu, penjualnya ramah banget malemnya saya minta di percepat pengirimannya besoknya langsung di kirim huhuu happy bngttt ğŸ˜­ğŸ™ğŸ» makasih banyak, BUAT CALON PEMBELI KALIAN HARUS BELI DI SINI HARGANYA WORTH IT BANGET dan juga bahannya bagusss! bangwtttt!!  ",8***7,15 Des 2023,5
"bagus si,tpi di pahanya agak sempit mnrtku,tpi worth it bgtt si dengan hrga sgtu,,mksih pokoknya bgus bangetttttt ",NADIA N.,03 Nov 2023,5
bagusbagusbagusbagusbagusbagusbagusbagusbagusbagusbagusbagus ,P***.,3 minggu lalu,5
barang sdh sampai cuma syang wrnanya kok sama padahal sy sdh chat tokonya ambil 2 barang tpi mnta wrna yg berbeda ,ninik Y.,21 Okt 2023,5
"kerennnn
 Bahan:ok
 Ukuran:pas
 Rancangan:ok  ",Roswitha Y.,4 hari lalu,5
"Lumayan Pass , Ngak sama broo, sayang saku bawah rempelnya ngak ada saku cuma atas kanan dan kiri, pesen 2 warna tetep dikasih 1 warna pdhl udah cat Admin ğŸ˜‡ğŸ˜‡ ",8***4,13 Okt 2023,4
"Bahan yang tahan lama untuk penggunaan jangka panjang., Celana kargo serbaguna untuk berbagai acara.,  ",f***.,07 Des 2023,5
"Celana kargo yang trendi dan fungsional., Kain nyaman dan bernapas., Bagus untuk aktivitas di luar ruangan., Celana kargo yang stylish dan modis.,  ",Resitaananda,30 Nov 2023,5
bagus bngttt sesuai yg difoto ,Wulan S.,27 Des 2023,5
"Bahan:bahan tebal
 Ukuran:pas
 Rancangan:bagus pengiriman cepat ",Siti M.,24 Nov 2023,5
sesau degan harga kainya bagus rapi semapaurana mantaps lah kukuriya ngk asikkğŸ¤£ğŸ™ ,0***4,17 Des 2023,5
"Bahan:bagus,jahitan rapi
 Ukuran:pas
 Rancangan:
pengiriman cepat next order lagi,makasih ",0***8,1 hari lalu,5
bagus banget  ,guest,22 Des 2023,5
"Mudah dipadukan dengan berbagai outfit., Celana kargo yang trendi dan fungsional.,  ",melia N.,11 Jan 2024,5
"Desain highwaist sedang trendi., Kain nyaman dan bernapas.,  ",S***.,13 Jan 2024,5
"bagus bangett,bahannya juga bagus Pokoknya the besar bangettğŸ¥°ğŸ˜,ga nyesel beliii disinii ",AISYAH P.,06 Des 2023,5
terimakasih ,Rifaa,14 Des 2023,5
pengirimannya cepat sesuai pesanan saya bagus..tapi pesaknya terlalu tinggi gak nyaman di pakenya sama resletingnya gak cocok ,Yati,05 Des 2023,5
"Bahan:bagus 
 Ukuran:pas 
 Rancangan:sangat bagus dan sangat nyaman digunakan terimakasih  ",L***.,16 Des 2023,5
wah bagus pisan ,*********349,13 jam lalu,5
"Mudah dipadukan dengan berbagai outfit., Kain nyaman dan bernapas., Bagus untuk aktivitas di luar ruangan., Pas sempurna dengan desain high waist., Celana kargo yang trendi dan fungsional., Desain highwaist sedang trendi.,  ",V***.,28 Des 2023,5
"realpict...
Hanya saja aku pesan 3, dan yg warna hitam harusnya ukuran jumbo...tp dikirim satu ukuran standar  ",Komaria N.,08 Des 2023,5
"paket sudah diterima,kondisi bagus,cuman bahan agak tipis menerawang,harus pakai dobelan,kualitas sesuai harga,anak senang memakainya karena model baru,terima kasihMudah dipadukan dengan berbagai outfit., Beragam pilihan warna yang dapat dipilih.,  ",ELWI,16 Des 2023,5
"Celana kargo yang trendi dan fungsional.,  ",C***.,06 Des 2023,5
"bagusss ikh suka,smga jadi langganan aku yah ",Sukmawati,22 Des 2023,5
"pengiriman cepat
pengemasan bagus
barang realpic
next order lagi ",8***9,3 minggu lalu,5
"Bahan:crinkle 
 Ukuran:pas
 Rancangan:bagus dehh
suka sama bahannya adem sukaa pokoknyaaa ",jihan,29 Sep 2023,4
baguss  ,*********792,2 minggu lalu,5
"ini celananya bagus sih, tapi tipis bangettt, jadi harus pake celana double biar ga terlalu nyeplak. terus juga di aku ketat, apa memang kaya gini ya modelnya?, kurang tau sii. bisa juga karna pahaku kebesaranğŸ˜ ",n***a,31 Des 2023,5
"bagus lumayan dengan harga segitu,bahan nya jatoh dan lumayan tebal ",Eva A.,10 Nov 2023,4
ah mantap sekaliiiiiii yaaa  ,DhÃ«el J.,3 minggu lalu,5
"Bahan:bgus adem
 Ukuran:28
 Rancangan:bangus buat kemana bisa buat main
 ",dinda A.,3 minggu lalu,5
bagus banget rel pick  ,guest,4 minggu lalu,5
"Bahan:bagus
 Ukuran:besar
 Rancangan:bagus
bahan adem sedikit nerawang, tapi baguss ",S***.,3 minggu lalu,5
sesuai pesanan ğŸ‘ğŸ‘ğŸ‘ ,8***1,18 Okt 2023,5
"Bahan:crincle
 Ukuran:29
 Rancangan:keren poll
 ",Muti A.,16 Nov 2023,4
"nnnnnnnnnnnnneeeeeeeerrrrrrrrraaaaaaawwwwwaaanngggggg
 Bahan:nrwng ",A***.,15 Des 2023,4
"Bahan:bagus
 Ukuran:XL
sudah saya terima paketnya
kenapa paketnya tidak sesuai gambar
 ",Nhur S.,12 Okt 2023,5
bagus banget celananya.ukuran pas. panjangnya pas. pengiriman cepat 2hari sampe. ukuran jumbo pas bgt BB aku 64 TB 157.  ,mamah R.,3 minggu lalu,5
buat kalian yang masih bingung jangan ragu order disini aku bb 70 masi muat dan longgar ga nyesel next order lgi ,Malaa,15 Des 2023,5
bagus sii mnrtku lumayan ,8***7,15 Des 2023,5
"Bahan:adem
 Ukuran:pas
 Rancangan:bagus
alhamdullilah barangnya udh nyampai makasih
 ",f***.,28 Sep 2023,5
bagus bangett Nexs order lagi walaupun bahany ga tebel tapi bagus ,guest,22 Sep 2023,4
barang lah sampai dengan selamat dan kurir nya ramah.barang sperti di foto dan pas ukuran ,Febry O.,2 minggu lalu,4
"nyesel bangttt bli bnyk g sesuai modell mana lgi pesanan orng al hasil pada g mau , besok lagi yng teliti kak ",8***5,13 Okt 2023,5
"Bahan:halus, jatuh, gak gampang kusut
 Ukuran:agak kepanjangan sedikit, tp gpp
 Rancangan:bagus, sesuai gambar, cuma bahannya agak tipis aja, ya mungkin sesuai sama harga ",Santhy,16 Des 2023,4
jdiduhshshsbdhhdhdnjfjjcncncnnxjdjdjndndndnnxnxnjxjsnx ,Nurmayangsari S.,07 Des 2023,4
"Bahan:nyaman
 Ukuran:pas

Bagus sih bahannya nyaman, ya meskipun gak sama di gambar tapi bagus, aku suka banget.ğŸ˜ğŸ˜˜ğŸ˜˜ ",Syifa F.,3 minggu lalu,4
pengriman nya cpat bangt dan clananya pas buat adik sya ..nanti sya order.lgi mkasih ğŸ™ ,D***.,07 Okt 2023,5
"Bahan:crinkle
 Ukuran:gede bgt ah
 Rancangan:baguussssss



baguuus sihhhh cakep bangeeettttttt ",Nurul F.,05 Okt 2023,5
trima kasi Lazada barangnya bagus sekali ,*********236,10 Okt 2023,5
"Bahan:bgs 
 Ukuran:pas

 Rancangan:sesuai  ",f***.,01 Okt 2023,4
"Bahan:bagus mantap sesuai

 Ukuran:pas juga
 Rancangan:bahannyq bagus banget
 ",Third-Party-User,23 Sep 2023,5
makasih seler dan juga kurir.y barang tiba dgn selamat selalu pik ,Warno 0.,13 Jan 2024,5
sangat bagus  ,guest,28 Des 2023,5
"model sama tapi bhan.y ko beda.
ini kaya kolor bhan.y. ",********926,2 minggu lalu,5
"jumbo,,mksihh,, ",N***i,3 minggu lalu,5
"Bahan yang tahan lama untuk penggunaan jangka panjang., Celana kargo yang stylish dan modis.,  ",Anis I.,1 hari lalu,5
"keren celana nya.
sesuai gmbar.
saku ny ad 5. 
sesuai yg diinginkan.
mksh seller.ğŸ¤— ",Sonia,25 Okt 2023,5
bgus. bgwt,8***1,06 Nov 2023,5
sesuai dengan pesenan ok bgtt bagus ,Aripin 0.,28 Nov 2023,5
bagus bgt ,0***6,08 Jan 2024,5
"Mudah dipadukan dengan berbagai outfit., Celana kargo yang stylish dan modis., Mudah dipadukan dengan berbagai outfit., Desain highwaist sedang trendi.,  ",Nurhayati,15 Des 2023,5
bagussss bgtt sayang yg hitamnya dikirim beda ğŸ˜­ ,Aulia N.,27 Okt 2023,5
"Bahan:bagus
 Ukuran:kegedean di badan
 Rancangan:menarik  ",F***i,26 Okt 2023,5
kk celana nya bagus bgt muat di bb aku 85 smoga awet ea celana nya bahan bagus bgt adem di pake lembut poko nya nanti mau order lagi ,********556,04 Des 2023,5
"Buagusssss polllll,syukaaaaaağŸ™ğŸ»ğŸ˜­ ",adeliaputri,06 Des 2023,5
"Celana kargo yang stylish dan modis., Desain highwaist sedang trendi., Pas sempurna dengan desain high waist.,  ",Eli W.,13 Jan 2024,5
bagus celananya nyaman dipake bahan crinckle jatuh ,Dhirfin,25 Des 2023,5
Rancangan:bagus ,Dhika D.,2 minggu lalu,5
"celana ga sesuai gambar,ga jls kecil bgt",bunda J.,22 Nov 2023,5
"paket udah datang barangnya bagus dan jatoh lagi
pokonya sip ",8***0,1 minggu lalu,5
"Mudah dipadukan dengan berbagai outfit.,  ",Rupiyanti,1 hari lalu,5
"Mudah dipadukan dengan berbagai outfit., Pas sempurna dengan desain high waist., Desain highwaist sedang trendi.,  ",0***1,3 hari lalu,5
"Kain nyaman dan bernapas.,  ",*********207,01 Jan 2024,5
ok  dengan harga segitu ,*********465,21 Des 2023,5
Rancangan:bagus ,Dhika D.,2 minggu lalu,5
"Pas sempurna dengan desain high waist.,  ",8***8,30 Nov 2023,5
Bahan:  good  ,Lina,30 Des 2023,5
"Bagus untuk aktivitas di luar ruangan.,  ",NISA S.,2 minggu lalu,5
"ukuran jumbo,,,sesuai mksih,, ",N***i,3 minggu lalu,5
Alhamdulillah...nyampek juga bhnnya crinkle tpi lumayan bagus ,AHMAD Z.,11 Jan 2024,5
baguss barang sesuai respons penjual cepatt dan barangnya orii juga terimakasih ğŸŒ·ğŸŒ· ,*********649,21 Des 2023,5
Bagus bngt ,0***1,28 Des 2023,5
UK standar masih longgar di aku yang BB nya 60 ,Adah E.,2 minggu lalu,5
keren clanay bgus amah walaupun hitamy bukan hitam pekat TPI sya ska ,Third-Party-User,15 Des 2023,5
terlalu cintahh dengan ini produkkğŸ¥° ,niaaaa,10 Nov 2023,5
celana ny kegedean tapi gapapa bagus banget celananya aku sukağŸ˜» ,Siti M.,08 Des 2023,5
clna nya kecil ,Th A.,21 Des 2023,5
"pket ny udah sampai,celana ny bagus dengan harga segitu,mksh lazada,mksh buat kurir ny ",Eceu N.,13 Jan 2024,5
"Desain highwaist sedang trendi., Celana kargo yang stylish dan modis.,  ",Siti A.,1 minggu lalu,5
celananya bagus panjangx sesuai dan kain tebal clanax agak gombrang d aku tapi suka cantik sekali next order lagi ,guest,19 Des 2023,5
"Celana kargo serbaguna untuk berbagai acara.,  ",8***9,3 minggu lalu,5
bagus banget gak nyesel belanja di tokoh ini Nex order lagi,*********332,11 Des 2023,5
"Bahan:ADEM BAGUS
 Ukuran:PAS BGET
 Rancangan:
BAGUS BANGET DEH POKOKNYA.. MAAF YAH GAK SEMPAT FOTO ",Ryan K.,30 Des 2023,5
Alhamdulillah paket udh mendarat tp kegedean tp anak saya suka trimakasih lazadah ,Mamahdzakirah,29 Des 2023,5
"Bagus untuk aktivitas di luar ruangan.,  ",8***9,3 minggu lalu,5
"BAGUSSSS BANGETTTT
 Bahan:  lembut ",s***.,17 Des 2023,5
clna bagus tpi buat BB 60 kekecilan  ,siti S.,16 Des 2023,5
"Celana kargo yang stylish dan modis., Pas sempurna dengan desain high waist., Kain nyaman dan bernapas., Celana kargo serbaguna untuk berbagai acara., ",Dedeh W.,26 Des 2023,5
bgus poll... ,sitinuryeni,07 Des 2023,5
"buaguseeee polll mantappp,mau beli lagih semoga ga naik harganyaaağŸ¥² ",0***2,20 Des 2023,5
"Celana kargo yang trendi dan fungsional.,  ",Sinta B.,6 hari lalu,5
"Celana kargo yang trendi dan fungsional., Bagus untuk aktivitas di luar ruangan.,  ",*********969,11 Des 2023,5
aku suka bget.kainnya lembut warnanya cantik2. ,Azmys,30 Des 2023,5
"sesuai gambar 
tpi lum dicoba muat apa ga
mksih 

kurir baru ",Ibu E.,25 Okt 2023,5
bahan oke lembut pas anak saya ,0***1,26 Des 2023,5
"Pas sempurna dengan desain high waist., Celana kargo yang trendi dan fungsional.,  ",8***7,4 minggu lalu,5
celananya bagus meskipun kegedean  ,Denaya F.,23 Nov 2023,5
baguss barang sesuai respons penjual cepatt dan barangnya orii juga terimakasih ğŸŒ·ğŸŒ· ,*********649,21 Des 2023,5
baguss barang sesuai respons penjual cepatt dan barangnya orii juga terimakasih ğŸŒ·ğŸŒ· ,*********649,21 Des 2023,5
sesuai pesanan bagusss  ,Suha S.,28 Des 2023,5
"realpic cuman kegedean Bagus untuk aktivitas di luar ruangan.,  ",ASEP S.,15 Des 2023,5
"Celana kargo yang stylish dan modis., Beragam pilihan warna yang dapat dipilih., Mudah dipadukan dengan berbagai outfit.,  ",Siti N.,3 hari lalu,5
bgus celana sya suka,0***0,2 minggu lalu,5
"celanay bagus banget sesuai bahan lembut amah tokohy lancar trus langganan kta
 ",Third-Party-User,15 Des 2023,5
baguss bhn adem ,8***0,06 Des 2023,5
barang ok ....semoga awetğŸ‘ ,ina P.,2 minggu lalu,5
"Bahan:mntap karet
 Ukuran:pas
 Rancangan:pas ok ",Roswitha Y.,4 hari lalu,5
klo yg army pas ukuran mau pun desain.y mksih ,Warno 0.,08 Jan 2024,5
pas ok thank  ,SANTIAH D.,1 hari lalu,5
"Rancangan:tipis
 Ukuran:gede bngt
 Bahan:tipis
bagus tapi tipis kegedean jga busettt ",8***0,01 Jan 2024,5
bahan nya halus dingin sedikit kekecilan buat aku padahal bb 55 tpi kekecilan tpi baguss ,Tiara P.,25 Des 2023,5
bagus bngt yebellll ,Neng R.,20 Des 2023,5
bagus sesuai pesanan  ,anita P.,21 Okt 2023,5
bagus banget suka dehh jdi langganan disini pokok nya the best ,*********223,18 Des 2023,5
Bagus sesuai pesanan  ,anita P.,21 Okt 2023,5
celananya bagus pelangganku sukağŸ¥° ,Saya N.,24 Okt 2023,5
"Celana kargo serbaguna untuk berbagai acara., Mudah dipadukan dengan berbagai outfit.,  ",Mamah N.,21 Des 2023,5
"bagus banget celanaya
 Bahan:nya lembut
 Ukuran:pas
 Rancangan:nenx bakalan order warna lainğŸ‘ğŸ‘ ",c***.,25 Okt 2023,5
"Beragam pilihan warna yang dapat dipilih., Mudah dipadukan dengan berbagai outfit., Celana kargo yang stylish dan modis., Celana kargo yang trendi dan fungsional., Celana kargo serbaguna untuk berbagai acara.,  ",Siti R.,2 minggu lalu,5
"Bagus untuk aktivitas di luar ruangan., Kain nyaman dan bernapas.,  ",Sandy A.,2 hari lalu,5
sumpah bagus banget ,Cut N.,2 minggu lalu,5
"calana cargo nya sangat bangua
 Bahan:lenbut enak di pakei 
 Ukuran:jumbo  
  cocok banget ",desi,2 minggu lalu,5
"Bahan:lembut
 Ukuran:standar
 ",meisarisuherlan,13 Jan 2024,5
"sipp ,,cuman kebesara di aku ,, oerder lagi ahh ",Ochi,09 Jan 2024,5
"Celana kargo yang trendi dan fungsional., Mudah dipadukan dengan berbagai outfit., Beragam pilihan warna yang dapat dipilih., Celana kargo yang stylish dan modis.,  ",Lia S.,08 Des 2023,5
bagus bngt ,Warno 0.,13 Jan 2024,5
realpictttt ,cndyfnksri,25 Des 2023,5
bgus bget. ,Azmys,30 Des 2023,5
TIDAK sesuai ,Ila P.,14 Des 2023,5
"Celana kargo yang trendi dan fungsional., Celana kargo yang stylish dan modis., Kain nyaman dan bernapas., Celana kargo serbaguna untuk berbagai acara.,  ",Dedeh W.,25 Des 2023,5
"Bagus untuk aktivitas di luar ruangan., Desain highwaist sedang trendi.,  ",0***1,3 hari lalu,5
lumayan lah ,Rayen A.,01 Des 2023,5
"Kain nyaman dan bernapas.,  ",*********824,11 Jan 2024,5
"baguss tpi sayang ga tercantum ukurannya jdi kegedean and ga kepake syg bngtt, kalo dibilang agak kecewa sih tpi gpp bagus bingit ko clana nya  ",Zia S.,1 minggu lalu,5
lmyan bagus sesuai dngn harga anak aq suka.. mau di pake buat jlnÂ² ,Lista F.,28 Des 2023,5
"Bahan yang tahan lama untuk penggunaan jangka panjang., Beragam pilihan warna yang dapat dipilih., Desain highwaist sedang trendi., Kain nyaman dan bernapas.,  ",anita P.,09 Des 2023,5
"Bagus, bahanya juga adem banget nyaman di pakai. ukurannya pas  ",8***0,23 Des 2023,5
makasih y kk,Erna R.,09 Nov 2023,5
Bahan:bagusss ,Nurr,2 minggu lalu,5
"Desain highwaist sedang trendi., Mudah dipadukan dengan berbagai outfit., Celana kargo yang stylish dan modis.,  ",Risma P.,30 Des 2023,5
"bagus dan sesuai dengan foto
 Bahan:bagus
 Ukuran:sesuai badan kita
 ",Armi A.,30 Okt 2023,5
"celana cargo nya sangat bangus 
 Bahan:lembut banget 
 Ukuran:jumbo 
           sayah sangat suka  ",desi,2 minggu lalu,5
"celananya pas,saya syuka sekali,cuma pengirimannya lama.. ",8***9,01 Jan 2024,5
"baguus,bagan lembut,tidak terlalu tebal, tidak terawang, kualitas baik, dan untuk aku bb 58 tinggi 163, ada karet nya juga jadi nyaman ",Y***.,18 Des 2023,5
"Bahan:lembut
 Ukuran:trlalu ngetat di badan akuğŸ˜…
 ",Cecep S.,24 Nov 2023,5
Alhamdulillah dgn harga segitu bagus bangt mnurt aku real pick pokonya ttp jga ke amanahannya...makasih semuanya ,K***m,20 Des 2023,5
"Celana kargo serbaguna untuk berbagai acara., Bagus untuk aktivitas di luar ruangan.,  ",Afyulida R.,02 Des 2023,5
kekecilan  ,Ami L.,21 Okt 2023,5
"Bahan:bagus bangat aku suka
 Ukuran:pas di badan aku pokoknya bagus
 ",8***0,04 Des 2023,5
bagus bgt cmn ukuran XL kebesaran di perut aku yg kecil ğŸ˜‚ ,A***.,2 minggu lalu,5
aku suka bngat sama celananya......bahannya lmbut dan nyam digunakanğŸ™ ,*********172,08 Nov 2023,5
tdk sesui sngt buruk ,Third-Party-User,30 Nov 2023,5
"gak sesuai celananya
 ",M A.,04 Des 2023,5
"Bagus untuk aktivitas di luar ruangan.,  ",0***1,14 Des 2023,5
sesuai semoga cocokğŸ˜â˜º ,Irna T.,11 Des 2023,5
"alhamdulilah bagus banget, Bahn adem, enk dipake, mksih semuanya, ğŸ¥°ğŸ¥° ",*********601,21 Des 2023,5
"Bagus untuk aktivitas di luar ruangan., sesuai bngtt celana nya,makasihhhâ˜ºï¸ ",Santi,08 Jan 2024,5
bagus banget kainnya melar ,R***.,16 Jan 2024,5
"Bagus, lembuuut, harga muraaaah kualitas baguuuuuuuusğŸ‘ğŸ»ğŸ‘ğŸ»ğŸ‘ğŸ»ğŸ‘ğŸ»ğŸ‘ğŸ» ",Mira R.,06 Jan 2024,5
Alhamdulillah bagus dan gk mengecewakan semoga tokoh ini selalu amanah aaamiiiin ,Ani M.,01 Jan 2024,5
bagus sekali sesuai dengan harga. bahan sesuai dengan harga  ,Al-habsyi,18 Des 2023,5
baguss tapi sayang nya kepanjangan di sayağŸ˜“ğŸ˜“ ,Fitri S.,27 Des 2023,5
bagus celananya cuma dipaha aga kekecilan dikit apa paha aku yg terlalu gemoyğŸ˜ ,*********654,28 Nov 2023,5
baguss barang sesuai respons penjual cepatt dan barangnya orii juga terimakasih ğŸŒ·ğŸŒ· ,*********649,21 Des 2023,5
"Kain nyaman dan bernapas., Mudah dipadukan dengan berbagai outfit., Celana kargo yang trendi dan fungsional., Desain highwaist sedang trendi.,  ",8***9,04 Des 2023,5
"Kain nyaman dan bernapas.,  ",8***5,3 hari lalu,5
"yg satu ngga sesuai pesanan ğŸ¤­
pesen 2 size yg berbeda tapi pas datang sama aja size-nya ğŸ™ƒ ",r***.,01 Des 2023,5
sangat kecewa  bahan gak sesuai trus sobek sobek,Reni,23 Des 2023,5
"Bahan:bahan tebel dan jatuh
 Ukuran:sesuai 
 Rancangan:lumayan  ",dewi Z.,23 Nov 2023,5
"Alhamdulillah barang Nya sudah sampai,,,,Bagus terimakasih lazada ",guest,02 Des 2023,5
"Beragam pilihan warna yang dapat dipilih., Mudah dipadukan dengan berbagai outfit.,  ",nunung D.,3 minggu lalu,5
"sesuai gmbar. 
cma yg army GK pke resleting SM kangcing. 
beda SM yg hitam pake resleting.
tpi ttp sesuai gmbar.
kerenlh pokok nya.ğŸ‘ ",Sonia,25 Okt 2023,5
celanax keren pokokx suka dehhh asli bgus kainx nyaman d pke  ,guest,19 Des 2023,5
gak sesuai dengan gambar sangat tipis ,*********155,12 Jan 2024,5
"Celana kargo serbaguna untuk berbagai acara.,  ",Uci,04 Jan 2024,5
sukak sama celananya anjayyy bagusss bangett kyuttt imut lucu kata aku haha ,Sintia J.,15 Des 2023,5
baguss rekomen gais ,d***.,13 Jan 2024,5
"Desain highwaist sedang trendi., Desain highwaist sedang trendi., Celana kargo yang stylish dan modis.,  ",g***t,27 Des 2023,5
bahannya jatuh bgttttt sukakkkkkkk,0***8,08 Des 2023,5
makasih lazada celananya bagus g kecewa beli di toko ini toko nya sudah amanah bisa buat langanan ,*********030,4 minggu lalu,5
"Bahan:bahan nya tipis tapi ngga nerawang karena warna gelap 
 Ukuran:kebesaran banget harus tambah Keret pinggang nya
 Rancangan:bagus  ",8***7,27 Des 2023,5
"Mudah dipadukan dengan berbagai outfit., Bagus untuk aktivitas di luar ruangan.,  ",SITI W.,2 minggu lalu,5
"Bahan:lumayan bagus
 Ukuran:sesuai/pas
 Rancangan:bagus ",*********068,18 Des 2023,5
asli longgar bangetğŸ˜ğŸ˜ğŸ˜ğŸ˜ğŸ˜ ,Andra V.,1 minggu lalu,5
bagus bangetğŸ˜€ğŸ˜€ğŸ˜€ğŸ˜€ğŸ˜€ğŸ˜€ ,Andra V.,1 minggu lalu,5
"Celana kargo yang stylish dan modis., Celana kargo yang stylish dan modis., ",Nur H.,2 minggu lalu,5
jahitanya rapih cuman bahannya tipis ,8***.,3 minggu lalu,5
mantulll ,Sumiyati S.,2 minggu lalu,5
bagus... ,*********061,30 Des 2023,5
okeeeeee ,Deliyanti,21 Okt 2023,5
wow keren,Uminya A.,02 Des 2023,5
realğŸ‘ğŸ¥° ,niaaaa,10 Nov 2023,5
,I***.,2 minggu lalu,4
"bagus bangett woyyy wajib beli sih ini, dengan harga yang  semurah itu menurutku kaya bahan cringcle enakk bangett dipake mau nangis bagus soalnya  ",Third-Party-User,04 Okt 2023,5
cakep banget pas di bb aku 61 nyesel beli 1ğŸ˜¢ ,t***i,07 Jan 2024,5
lumayan ,Rabbani M.,08 Des 2023,5
kereng. ,Azmys,30 Des 2023,5
"bagus,, ",S***.,07 Des 2023,5
lumayan ,Rimbayani,31 Okt 2023,5
pik bnt ,Warno 0.,13 Jan 2024,5
"Pas sempurna dengan desain high waist., Celana kargo yang trendi dan fungsional., Bagus untuk aktivitas di luar ruangan., Celana kargo yang stylish dan modis., Celana kargo serbaguna untuk berbagai acara.,  ",Jihan F.,24 Des 2023,5
"mantulll, nexs order lg ",Fitri H.,17 Des 2023,5
"sesuai pesanan, celana cargo bagus, bahannya adem, jahitan rapi, kurir nya baik dan ramah makasihh lazada  ",rahmachaniago,17 Des 2023,5
"jelek g sesuai dgn gambar mna sobek lgi Deket saku nya, jahitan nya juga g rapih Poko nya ğŸ‘ ",Rani A.,17 Des 2023,5
"Bahan yang tahan lama untuk penggunaan jangka panjang., Celana kargo yang stylish dan modis., Bagus untuk aktivitas di luar ruangan., Kain nyaman dan bernapas.,  ",Livia,17 Des 2023,5
sesuai harga...... ,neneng S.,17 Des 2023,5
"Pas sempurna dengan desain high waist., Bagus untuk aktivitas di luar ruangan., Beragam pilihan warna yang dapat dipilih., Celana kargo yang stylish dan modis.,  ",Arief S.,17 Des 2023,5
"Kain nyaman dan bernapas., Pas sempurna dengan desain high waist., Bahan yang tahan lama untuk penggunaan jangka panjang.,  ",Arief S.,17 Des 2023,5
"Pas sempurna dengan desain high waist., Desain highwaist sedang trendi., Celana kargo yang trendi dan fungsional., Celana kargo yang stylish dan modis.,  ",suci A.,13 Des 2023,5
"Pas sempurna dengan desain high waist., Bagus untuk aktivitas di luar ruangan., Bagus untuk aktivitas di luar ruangan., Bahan yang tahan lama untuk penggunaan jangka panjang., Mudah dipadukan dengan berbagai outfit.,  ",Ayyuk A.,3 minggu lalu,5
tidak sesuai ekspektasi ,Third-Party-User,17 Okt 2023,5
pas..sesuai gambar dan pesanan..trimkasih seller..lazada dan kurir..sukses buat semua.. ,sant I.,18 Nov 2023,5
"Bahan:bagus
 Ukuran:sesuai
 Rancangan:rapih
 ",Alifah,17 Okt 2023,5
kegedean bangettttttttttttttttt ,Sae E.,14 Nov 2023,4
"Celana kargo yang trendi dan fungsional.,  ",Nia R.,12 Des 2023,5
cantik banget ,L***.,20 Okt 2023,5
"Rancangan:
tidak sesuai pesanan ",0***9,19 Okt 2023,5
celana ukuran remaja jd kl dewasa kurang gedhe  ,nanik S.,4 minggu lalu,4
"Bahan:jelek
 Ukuran:kkecillan
 Rancangan:jelek semua ",nineng N.,13 Des 2023,4
"Bahan yang tahan lama untuk penggunaan jangka panjang.,  ",8***6,21 Nov 2023,5
bagus mantafğŸ‘ğŸ‘ ,0***1,17 Okt 2023,5
"bagus 
 Ukuran:pas ",0***4,20 Okt 2023,5
bagus sesuai harga..anak ku suka terimaksh salam sukses selalu ,w***.,13 Nov 2023,4
"Kain nyaman dan bernapas., Celana kargo yang stylish dan modis., Mudah dipadukan dengan berbagai outfit.,  ",Rosita,13 Des 2023,5
"Mudah dipadukan dengan berbagai outfit.,  ",8***9,3 minggu lalu,5
aku dengan model celananya .kainnya halu dan ringan.cocok di pakai untuk santai ,Armi A.,19 Nov 2023,5
bahanny gajelasss ga sesuaii espektasi sy. ,Ahmad A.,13 Des 2023,5
"bahan y bagus kok cuman pas dtng plastik nya udh sobek
 ",Ariqah O.,18 Okt 2023,5
"Kain nyaman dan bernapas., Mudah dipadukan dengan berbagai outfit., Pas sempurna dengan desain high waist., Desain highwaist sedang trendi., Bagus untuk aktivitas di luar ruangan., Celana kargo yang stylish dan modis.,  ",Maryati,13 Des 2023,5
"Bahan:tipis, nerawang  ",Aprilia K.,20 Okt 2023,5
bagus nyaman di pakai  ,8***3,14 Nov 2023,5
Bagus mantep ,Shella H.,18 Nov 2023,5
cukup memuaskan dgn harga segitu. ,0***5,4 minggu lalu,5
"Bahan: bgsss
 Ukuran: sesuaiiii
 Rancangan: rapihhh   
 ",Farahdhilah T.,13 Des 2023,5
the best poknmah cck bgtt HhhağŸ˜ğŸ‘ğŸ‘ ,Tya A.,4 minggu lalu,5
bagusss bgt murah tidak murahan tp di aku agak sempit dikitğŸ˜ tapi masih bagus kok jgn ragu beli di toko ini ,noorarofikha,13 Nov 2023,5
"kerenn banget udah order yang ke 2 kalinyaaa, thanks y,next orderr lagii  ",*********742,15 Des 2023,5
bagusssss ,kika,16 Okt 2023,5
"pengiriman cepat, barang sesuiğŸ¤—ğŸ˜ ",Ayu A.,13 Des 2023,5
bagus banget. terimakasih yağŸ¥°ğŸ™ ,*********732,17 Nov 2023,5
"Bahan:bagus  
 Ukuran:pas
 Rancangan:pikirnya ad resleting nya kak eh mala ngak ad tapi ngka apa"" bagus
 ",Agnes U.,17 Okt 2023,5
celana nya ok ,mumun A.,10 Des 2023,5
cuteğŸ˜— ,Siti N.,2 minggu lalu,5
gede bngt di aku ğŸ™ˆ ,herna W.,03 Des 2023,5
top Marko top bag us sekalih makanya says pesen magi Kurir jugabaik Dan so pan selalu but langanan sayaterima kasih buattokonya dankurirnya ,Karniti D.,26 Nov 2023,5
"Kain nyaman dan bernapas., Bahan yang tahan lama untuk penggunaan jangka panjang., Mudah dipadukan dengan berbagai outfit.,  ",Elan88964,26 Nov 2023,5
sesuai jarga ,8***3,12 Nov 2023,5
bagus ,Citra M.,06 Jan 2024,5
keren ,Umi S.,26 Des 2023,5
baik  ,ameliawp23,29 Des 2023,5
ok lh ,sarim,04 Des 2023,5
"Bahan:bagus
 Ukuran:kegedean
 Rancangan:bagus si walau pinggang nya kegedean ",citra J.,03 Okt 2023,5
"bahan nya bagus
 ",*********629,29 Okt 2023,5
lumayan ,jocko212,16 Nov 2023,4
"Bahan:crincle
 Ukuran:standar
biar bintang yang rekomendasikan ğŸ˜ğŸ˜ ",YURARA S.,15 Okt 2023,5
Dikiri bukan kolor ternyata kolor bagis sih cuman baru sekali pake langsung bolongğŸ˜’ ,Mas T.,15 Okt 2023,5
bagus,*********384,15 Jan 2024,5
okee ,Deliyanti,21 Okt 2023,5
lmyn ,Imas N.,21 Okt 2023,5
baik ,guest,02 Jan 2024,5
bgus ,sherinaauliyanie,16 Des 2023,5
"terakota bhan nya bgus dan tebal walaupun ukuran nya kebesaran di aku,  dan krna bgus aku juga bli yg hitam, klu yg hitam bhn nya tipis dan nerawang tapi bgus pas ukuran nya di aku, klu pake yg hitam aku jdi pake lejing daleman nya, dan kurirnya baik juga ramah, trima ksih buat tokoh nya dan mas kurir nya, krna pengiriman nya cpt bnget jdi aku ngerasa puas pokonya mantulğŸ‘ğŸ‘ğŸ‘ğŸ‘ ",Yunani,08 Okt 2023,5
"bagus
 ",Jijah,03 Des 2023,5
Ukuran:kebesaran ,8***7,01 Okt 2023,5
warna dan bhn sesuai  cmn ukuran.y gk sesuai aku psn standar yg dtg jumbo ,Warno 0.,08 Jan 2024,4
"Bahan:bagus 
 Ukuran:pas
 Rancangan:pakai 
 ",8***7,06 Jan 2024,4
"Rancangan:
sesuai harga ",*********108,02 Jan 2024,4
"Alhamdulillah bagus banget sama dengan yang di poto...
jangngan ragu beli di toko ini bagus banget cuss di cek out
makasih ke lazada sama Kuriri nya juga ramah banget kalo sama yang langganan mah kalo bukan nya enggak  ",Sitijuliah S.,10 Okt 2023,5
"Beragam pilihan warna yang dapat dipilih., Celana kargo yang stylish dan modis., Celana kargo serbaguna untuk berbagai acara., Mudah dipadukan dengan berbagai outfit., Bagus untuk aktivitas di luar ruangan., trimakaseh Lazada.. ",Dewi A.,18 Jan 2024,4
ga sesuai ekspektasi saya  ,Reva A.,21 Des 2023,4
"pesen xxl datengnya s. 
 ",b***r,02 Des 2023,4
warna y sesuai cmn ukuran.y gk sesuai aku psn standar dtg  jumbo ,Warno 0.,08 Jan 2024,4
"celananya bagus, sesuai dengan harga, toko amanah, terimakasih, semoga makin larisBeragam pilihan warna yang dapat dipilih.,  ",S***.,2 minggu lalu,4
emmmm lumayannn okeeeeeeee lahhhhğŸ˜‰ğŸ˜‰ğŸ˜‰ğŸ˜‰ğŸ˜‰ğŸ˜‰ğŸ˜‰ ,Puput I.,2 minggu lalu,4
"Bahan:
Alhamdulillah barang nya sesuai gambar thank lazada  ",SINDI S.,14 Okt 2023,5
tipis ga sesuai  ,Hanani D.,11 Okt 2023,5
"Bahan:tidak sesuai
 Ukuran:tidak sesuai
 Rancangan:tidak sesuai

sangat
sangat
sangat mengecewakan ",A***a,28 Nov 2023,4
"celana nya bagus sih tapi sayang di aku kegedean, tapi gpp masih bisa di pake orang  ",Wiwin W.,28 Des 2023,4
"Celana kargo serbaguna untuk berbagai acara.,  ",Priska A.,17 Jan 2024,4
"Kain nyaman dan bernapas.,  ",Ana R.,11 Jan 2024,4
"celananya ke gdean
 ",Aples,02 Jan 2024,4
"Mudah dipadukan dengan berbagai outfit., Desain highwaist sedang trendi., Beragam pilihan warna yang dapat dipilih., Pas sempurna dengan desain high waist., Beragam pilihan warna yang dapat dipilih.,  ",8***9,09 Des 2023,4
celana nya bgus cuma agak tipis ğŸ˜ ,Linda,14 Des 2023,4
"keren Poko nmh,,,
walaupun seler nya slow respon  ",A***i,17 Jan 2024,4
"Celana kargo yang stylish dan modis., Mudah dipadukan dengan berbagai outfit., Celana kargo yang trendi dan fungsional., Celana kargo serbaguna untuk berbagai acara., Bagus untuk aktivitas di luar ruangan.,  ",Dewi A.,18 Jan 2024,4
Bahan nya bagus tapi ukurannya ga sesuai ,EkaaChalondra,13 Okt 2023,5
ga sesuai di gambar tp ydh lh ga apa apa terimakasih ya selerâ˜º ,0***8,08 Jan 2024,4
"suka, cuman jahitan kurang rapih ",E***.,30 Des 2023,4
"demi apapun ini bagus bgtt sya smpe beli lagi untuk yg kedua kalinya next bkll beli lgi yg wrna lain
 Bahan:mayan gak nrawang
 Ukuran:pass bgtt ccok
 Rancangan:bgss gda yg ccatt ",Y***a,1 minggu lalu,4
Bagus lembut bahanny ,*********551,11 Okt 2023,5
Bagus Sesuai harapanğŸ¤— ,Minihh,1 minggu lalu,4
cantik ,guest,16 Nov 2023,5
you ,okih S.,26 Des 2023,5
pik ,Warno 0.,15 Jan 2024,5
pik ,Warno 0.,15 Jan 2024,5
"goood 
 ",Mila Y.,24 Sep 2023,5
ok ,Azmys,30 Des 2023,5
ok ,ujang A.,18 Des 2023,5
"gmn ya, bgs iya cuma jahitan ny ga kokoh sobek trs..suda sy jahit atas nya lgi sobek pdhl d cba pke duduk doang, sedikit kecewa. ",novitaharyani69,10 Des 2023,4
Bagus  ,*********551,11 Okt 2023,5
"Bahan: sangat tipis

 Ukuran:pas
 Rancangan:sangat bagus ",Yonanda S.,10 Okt 2023,5
"Bahan:tipis tapi Adem dipake 
 Ukuran:standar size 
 Rancangan:gak ngecewakan costumer aku suka sama celana 
 ",**********288,10 Okt 2023,5
"ga sesuai, celananya jelek banget ",Emiliana J.,10 Okt 2023,5
ok ,najwa18cell,13 Des 2023,5
"Bahan:cukup tipis
 Ukuran:pas
 Rancangan:sangat bagus
semuanya bagus, cm bahannya agak tipis jd takut robek pas d pknya. ",V***.,08 Okt 2023,4
"Bahan:bagis
 Ukuran:pas
 Rancangan:jaitan rapih ",Rima,05 Okt 2023,5
sya kira dpn nya kancingan + ressleting jg sprti di gmbar trnyta ngk tpi gpp lh  ,****1,24 Sep 2023,4
good  ,A***.,10 Des 2023,4
"Bahan:adem
 Ukuran:pas
 Rancangan:ok ",Nining Y.,02 Okt 2023,5
knpa kulot ya dkirim ka??? ,*********172,03 Okt 2023,5
,callystaaaa,14 Des 2023,5
,Muhammad A.,07 Des 2023,5
"Bahan:gak tebal dan gak tipis
 Ukuran:kegedean soalnya ngga bisa pilih ukuran
 Rancangan:jahitan nya kurang rapih ",R***.,20 Nov 2023,3
,najwa18cell,13 Des 2023,5
,Nani S.,4 minggu lalu,5
pesan warna cream yg di kirim warna lain!!!!!!!!!!!!!!!!! ,8***0,23 Des 2023,3
"alhamdulillah sesuai,tadiny udah aku batalin takut gk sesuai tapi di tolak,, ",Diyanah P.,10 Nov 2023,3
"Bahan:tipis
 Ukuran:terlalu besar
 Rancangan:amburadul
 ",YAQUB M.,14 Okt 2023,2
"kecewa berat sih,, pesen cargo datengnya kulot,,kecewa parah inimah ",R***.,4 minggu lalu,2
lumayan harga segitu ,Lisna S.,09 Nov 2023,3
bagus bahan dan warnany pas dcobain muat perutny tp ga muat dpahany..alamat kudu dpermak lg dtkng jahit ini mah..,Linda S.,14 Des 2023,3
"bagus tapi gampang sobek
 Bahan:agak tipis ",amalia N.,29 Des 2023,3
"Desain highwaist sedang trendi., Celana kargo yang stylish dan modis., Celana kargo yang trendi dan fungsional., Pas sempurna dengan desain high waist.,  ",d***.,07 Des 2023,3
"bgus 
TPI kain nya Merawang  ",8***4,22 Des 2023,3
"parah bgtt dikirim nya beda dri foto.
mana gedee bgtğŸ˜­ğŸ˜­ ",A***.,27 Okt 2023,3
"Bahanya tipis kainnya jatuh, sedikit panjang, Rancangannya bagus, cuman jahitanya sedikit kurang rapi,, tapi Lumayanlah dg harga sangat murah ",0***6,19 Des 2023,3
"Bahan:mym
 Ukuran:kbsrn
 Rancangan:b sja ",Octa A.,19 Des 2023,3
"Bahan:lumayan lah dengan harga yang segitu
 Ukuran:celana nya kegedean di aku

 ",Oci,24 Okt 2023,3
kebesaran ukuran tidak sesuai saya kecewa tidak real pic ,N***.,08 Des 2023,3
"Bagus untuk aktivitas di luar ruangan.,  ",Priska A.,17 Jan 2024,3
"Celana kargo serbaguna untuk berbagai acara., Pas sempurna dengan desain high waist.,  ",Gina D.,2 minggu lalu,3
"katany kancing hidup,, ",0***5,29 Des 2023,2
"ukurannya standar tapi di aku tetep kebesaran,kainnya juga ga sesuai ekspetasi aku dikiranya tebel ternyata tipis banget.mau kecewa tapi untuk harga segitu mau minta gimana ",e***n,24 Des 2023,3
"Tidak sesuai ekspektasi. Tapi gapapa, masih nyaman di pakai... ",R***.,03 Des 2023,3
"penipuan,,pngn barang CPT abis kirim nya asal,,,punya mata ga,,,kalian dengan gampang nya bilang retur ,,emang ga ribet klo retur,,,,pantes lama ngirim nya nyari barang yg warna nya sama ya,tp model ga sesuai,,,kecewa,,gq berkah usaha nya,,kluarin aja pihak lazada toko yg mentingin diri sendiri kaya gini,,ngapokin pelanggan...apapun niat ga baik,,ga bakal berkah...",8***2,18 Okt 2023,1
saya pesan 4 yg datang hanya 3 ,Nahaar R.,14 Des 2023,1
bahan tipis barang tidak sesuai dengan di foto sangat kecewa tidak sesuai dengan harga segitu  ,guest,04 Nov 2023,1
tidak sesuai gambar  ,Nhur S.,12 Okt 2023,2
"Celana kargo yang stylish dan modis., Mudah dipadukan dengan berbagai outfit.,  ",g***t,03 Jan 2024,2
"Celana kargo yang stylish dan modis., Celana kargo yang trendi dan fungsional., Bahan yang tahan lama untuk penggunaan jangka panjang., Kain nyaman dan bernapas., Bagus untuk aktivitas di luar ruangan.,  ",Ajisyaputra,05 Jan 2024,2
kurng bagus untuk bagian slengkangan nya ketat bwh nya gombrong  ,Jenny J.,06 Des 2023,2
celana yang diterima ngga sesuai sama gambar dan deskripsi ,A***.,22 Des 2023,2
mabasbshehebebenrnrnrnr ,Ariadi,21 Des 2023,2
ğŸ™ƒ kebesaran di aq,*********928,02 Jan 2024,2
"Bahan:bahan nya tidak sesuai
 Ukuran:pas 
 Rancangan:mayan aja  ",Abiya,04 Jan 2024,2
"Rancangan:

warna brown nya terlalu cerah/pudar  ",toni R.,25 Okt 2023,2
warna dan bahan tidk sesuai ,Ardellia A.,4 hari lalu,2
kecewa ,Lita L.,02 Des 2023,2
"apaaan katanya cargo, gw beli kulot biasa dislike! ",Chellsy L.,26 Sep 2023,1
"pesen waran putuh ko yang datang coklat gimna sihğŸ˜Œ
 Bahan:adem sih tipis lagih 
 Ukuran:muat 
 Rancangan:tipiss tapi g ppa lah harga nya juga pas sesuai mungkinğŸ™„ ",g***t,09 Okt 2023,1
"makasih,kira bahan katun ,eh malah ngaret ... gak sesuai d gambar kaya nya... ",088289366100 7.,3 hari lalu,1
cln nya sudah keterima kain nya enaken adem  ,Melani M.,17 Jan 2024,1
"payah gak ada sletingnya , padahal mau jadi langganan . dichatt jg gadirespon sama sekali .  ",*********541,13 Jan 2024,1
bener2 bedaa bgt sama gambar. di gambar celana cargo tp yg dtg celana kulot polos biasa. hadeh ,Mia,30 Des 2023,1
bahannya tipis g sesuai ,Angelia O.,1 hari lalu,1
mff baru komen kmrn waktu ngatrin paket kurir y jutek bgtt ,"Mmh,salwa",29 Nov 2023,1
bahan nya jatuh TPI saya pesen standar eh yg dtng jumbo gedeeee bgetttttttt ,Intan M.,11 Des 2023,1
sangat kecewa celananya gak sesuai gambar ,S***.,15 Des 2023,1
celan anya bagusss  sesuai sama yg di gambar saya sukaa ,Iis I.,30 Des 2023,1
ok ,Titian,01 Okt 2023,1
